-- =============================================================
-- KAIZEN.SYS - 0002: complete content seed for all 7 B.Tech branches
-- Run AFTER 0001_content_system.sql.
-- Idempotent (ON CONFLICT DO NOTHING / DO UPDATE).
-- =============================================================
-- ===== BRANCHES =====
insert into public.branches (code, name, description, sort_order) values ('CSE', 'Computer Science', 'Software, algorithms, systems engineering.', 1) on conflict (code) do update set name = excluded.name, description = excluded.description;
insert into public.branches (code, name, description, sort_order) values ('AIML', 'AI & Machine Learning', 'Machine learning, deep learning, GenAI.', 2) on conflict (code) do update set name = excluded.name, description = excluded.description;
insert into public.branches (code, name, description, sort_order) values ('DS', 'Data Science', 'Stats, data engineering, analytics.', 3) on conflict (code) do update set name = excluded.name, description = excluded.description;
insert into public.branches (code, name, description, sort_order) values ('ECE', 'Electronics & Communication', 'Circuits, signals, embedded, RF.', 4) on conflict (code) do update set name = excluded.name, description = excluded.description;
insert into public.branches (code, name, description, sort_order) values ('EEE', 'Electrical & Electronics', 'Power, control, drives, instrumentation.', 5) on conflict (code) do update set name = excluded.name, description = excluded.description;
insert into public.branches (code, name, description, sort_order) values ('MECH', 'Mechanical', 'Design, manufacturing, thermal, fluids.', 6) on conflict (code) do update set name = excluded.name, description = excluded.description;
insert into public.branches (code, name, description, sort_order) values ('CIVIL', 'Civil', 'Structures, materials, transport, water.', 7) on conflict (code) do update set name = excluded.name, description = excluded.description;

-- ===== ROADMAPS =====
insert into public.roadmaps (branch_code, slug, title, description) values ('CSE', 'btech-4yr', 'B.Tech Computer Science - 4-year evolution', 'Foundations to placement in 8 semesters.') on conflict (branch_code, slug) do nothing;
insert into public.roadmaps (branch_code, slug, title, description) values ('AIML', 'btech-4yr', 'B.Tech AI & Machine Learning - 4-year evolution', 'Foundations to placement in 8 semesters.') on conflict (branch_code, slug) do nothing;
insert into public.roadmaps (branch_code, slug, title, description) values ('DS', 'btech-4yr', 'B.Tech Data Science - 4-year evolution', 'Foundations to placement in 8 semesters.') on conflict (branch_code, slug) do nothing;
insert into public.roadmaps (branch_code, slug, title, description) values ('ECE', 'btech-4yr', 'B.Tech Electronics & Communication - 4-year evolution', 'Foundations to placement in 8 semesters.') on conflict (branch_code, slug) do nothing;
insert into public.roadmaps (branch_code, slug, title, description) values ('EEE', 'btech-4yr', 'B.Tech Electrical & Electronics - 4-year evolution', 'Foundations to placement in 8 semesters.') on conflict (branch_code, slug) do nothing;
insert into public.roadmaps (branch_code, slug, title, description) values ('MECH', 'btech-4yr', 'B.Tech Mechanical - 4-year evolution', 'Foundations to placement in 8 semesters.') on conflict (branch_code, slug) do nothing;
insert into public.roadmaps (branch_code, slug, title, description) values ('CIVIL', 'btech-4yr', 'B.Tech Civil - 4-year evolution', 'Foundations to placement in 8 semesters.') on conflict (branch_code, slug) do nothing;

-- ===== SEMESTERS =====
insert into public.semesters (roadmap_id, number, title, theme) select r.id, 1, 'Foundations', 'Math, basics, problem solving' from public.roadmaps r where r.branch_code = 'CSE' and r.slug = 'btech-4yr' on conflict (roadmap_id, number) do nothing;
insert into public.semesters (roadmap_id, number, title, theme) select r.id, 2, 'Core Skills', 'Branch fundamentals + first projects' from public.roadmaps r where r.branch_code = 'CSE' and r.slug = 'btech-4yr' on conflict (roadmap_id, number) do nothing;
insert into public.semesters (roadmap_id, number, title, theme) select r.id, 3, 'Intermediate Projects', 'Build real artifacts in your branch' from public.roadmaps r where r.branch_code = 'CSE' and r.slug = 'btech-4yr' on conflict (roadmap_id, number) do nothing;
insert into public.semesters (roadmap_id, number, title, theme) select r.id, 4, 'Advanced Systems', 'Deep theory + complex projects' from public.roadmaps r where r.branch_code = 'CSE' and r.slug = 'btech-4yr' on conflict (roadmap_id, number) do nothing;
insert into public.semesters (roadmap_id, number, title, theme) select r.id, 5, 'Industry Readiness', 'Internship-ready stack + certifications' from public.roadmaps r where r.branch_code = 'CSE' and r.slug = 'btech-4yr' on conflict (roadmap_id, number) do nothing;
insert into public.semesters (roadmap_id, number, title, theme) select r.id, 6, 'Placement Mastery', 'Interview prep + capstone' from public.roadmaps r where r.branch_code = 'CSE' and r.slug = 'btech-4yr' on conflict (roadmap_id, number) do nothing;
insert into public.semesters (roadmap_id, number, title, theme) select r.id, 7, 'Specialization', 'Pick a niche and go deep' from public.roadmaps r where r.branch_code = 'CSE' and r.slug = 'btech-4yr' on conflict (roadmap_id, number) do nothing;
insert into public.semesters (roadmap_id, number, title, theme) select r.id, 8, 'Capstone', 'Production-grade deliverable + offers' from public.roadmaps r where r.branch_code = 'CSE' and r.slug = 'btech-4yr' on conflict (roadmap_id, number) do nothing;
insert into public.semesters (roadmap_id, number, title, theme) select r.id, 1, 'Foundations', 'Math, basics, problem solving' from public.roadmaps r where r.branch_code = 'AIML' and r.slug = 'btech-4yr' on conflict (roadmap_id, number) do nothing;
insert into public.semesters (roadmap_id, number, title, theme) select r.id, 2, 'Core Skills', 'Branch fundamentals + first projects' from public.roadmaps r where r.branch_code = 'AIML' and r.slug = 'btech-4yr' on conflict (roadmap_id, number) do nothing;
insert into public.semesters (roadmap_id, number, title, theme) select r.id, 3, 'Intermediate Projects', 'Build real artifacts in your branch' from public.roadmaps r where r.branch_code = 'AIML' and r.slug = 'btech-4yr' on conflict (roadmap_id, number) do nothing;
insert into public.semesters (roadmap_id, number, title, theme) select r.id, 4, 'Advanced Systems', 'Deep theory + complex projects' from public.roadmaps r where r.branch_code = 'AIML' and r.slug = 'btech-4yr' on conflict (roadmap_id, number) do nothing;
insert into public.semesters (roadmap_id, number, title, theme) select r.id, 5, 'Industry Readiness', 'Internship-ready stack + certifications' from public.roadmaps r where r.branch_code = 'AIML' and r.slug = 'btech-4yr' on conflict (roadmap_id, number) do nothing;
insert into public.semesters (roadmap_id, number, title, theme) select r.id, 6, 'Placement Mastery', 'Interview prep + capstone' from public.roadmaps r where r.branch_code = 'AIML' and r.slug = 'btech-4yr' on conflict (roadmap_id, number) do nothing;
insert into public.semesters (roadmap_id, number, title, theme) select r.id, 7, 'Specialization', 'Pick a niche and go deep' from public.roadmaps r where r.branch_code = 'AIML' and r.slug = 'btech-4yr' on conflict (roadmap_id, number) do nothing;
insert into public.semesters (roadmap_id, number, title, theme) select r.id, 8, 'Capstone', 'Production-grade deliverable + offers' from public.roadmaps r where r.branch_code = 'AIML' and r.slug = 'btech-4yr' on conflict (roadmap_id, number) do nothing;
insert into public.semesters (roadmap_id, number, title, theme) select r.id, 1, 'Foundations', 'Math, basics, problem solving' from public.roadmaps r where r.branch_code = 'DS' and r.slug = 'btech-4yr' on conflict (roadmap_id, number) do nothing;
insert into public.semesters (roadmap_id, number, title, theme) select r.id, 2, 'Core Skills', 'Branch fundamentals + first projects' from public.roadmaps r where r.branch_code = 'DS' and r.slug = 'btech-4yr' on conflict (roadmap_id, number) do nothing;
insert into public.semesters (roadmap_id, number, title, theme) select r.id, 3, 'Intermediate Projects', 'Build real artifacts in your branch' from public.roadmaps r where r.branch_code = 'DS' and r.slug = 'btech-4yr' on conflict (roadmap_id, number) do nothing;
insert into public.semesters (roadmap_id, number, title, theme) select r.id, 4, 'Advanced Systems', 'Deep theory + complex projects' from public.roadmaps r where r.branch_code = 'DS' and r.slug = 'btech-4yr' on conflict (roadmap_id, number) do nothing;
insert into public.semesters (roadmap_id, number, title, theme) select r.id, 5, 'Industry Readiness', 'Internship-ready stack + certifications' from public.roadmaps r where r.branch_code = 'DS' and r.slug = 'btech-4yr' on conflict (roadmap_id, number) do nothing;
insert into public.semesters (roadmap_id, number, title, theme) select r.id, 6, 'Placement Mastery', 'Interview prep + capstone' from public.roadmaps r where r.branch_code = 'DS' and r.slug = 'btech-4yr' on conflict (roadmap_id, number) do nothing;
insert into public.semesters (roadmap_id, number, title, theme) select r.id, 7, 'Specialization', 'Pick a niche and go deep' from public.roadmaps r where r.branch_code = 'DS' and r.slug = 'btech-4yr' on conflict (roadmap_id, number) do nothing;
insert into public.semesters (roadmap_id, number, title, theme) select r.id, 8, 'Capstone', 'Production-grade deliverable + offers' from public.roadmaps r where r.branch_code = 'DS' and r.slug = 'btech-4yr' on conflict (roadmap_id, number) do nothing;
insert into public.semesters (roadmap_id, number, title, theme) select r.id, 1, 'Foundations', 'Math, basics, problem solving' from public.roadmaps r where r.branch_code = 'ECE' and r.slug = 'btech-4yr' on conflict (roadmap_id, number) do nothing;
insert into public.semesters (roadmap_id, number, title, theme) select r.id, 2, 'Core Skills', 'Branch fundamentals + first projects' from public.roadmaps r where r.branch_code = 'ECE' and r.slug = 'btech-4yr' on conflict (roadmap_id, number) do nothing;
insert into public.semesters (roadmap_id, number, title, theme) select r.id, 3, 'Intermediate Projects', 'Build real artifacts in your branch' from public.roadmaps r where r.branch_code = 'ECE' and r.slug = 'btech-4yr' on conflict (roadmap_id, number) do nothing;
insert into public.semesters (roadmap_id, number, title, theme) select r.id, 4, 'Advanced Systems', 'Deep theory + complex projects' from public.roadmaps r where r.branch_code = 'ECE' and r.slug = 'btech-4yr' on conflict (roadmap_id, number) do nothing;
insert into public.semesters (roadmap_id, number, title, theme) select r.id, 5, 'Industry Readiness', 'Internship-ready stack + certifications' from public.roadmaps r where r.branch_code = 'ECE' and r.slug = 'btech-4yr' on conflict (roadmap_id, number) do nothing;
insert into public.semesters (roadmap_id, number, title, theme) select r.id, 6, 'Placement Mastery', 'Interview prep + capstone' from public.roadmaps r where r.branch_code = 'ECE' and r.slug = 'btech-4yr' on conflict (roadmap_id, number) do nothing;
insert into public.semesters (roadmap_id, number, title, theme) select r.id, 7, 'Specialization', 'Pick a niche and go deep' from public.roadmaps r where r.branch_code = 'ECE' and r.slug = 'btech-4yr' on conflict (roadmap_id, number) do nothing;
insert into public.semesters (roadmap_id, number, title, theme) select r.id, 8, 'Capstone', 'Production-grade deliverable + offers' from public.roadmaps r where r.branch_code = 'ECE' and r.slug = 'btech-4yr' on conflict (roadmap_id, number) do nothing;
insert into public.semesters (roadmap_id, number, title, theme) select r.id, 1, 'Foundations', 'Math, basics, problem solving' from public.roadmaps r where r.branch_code = 'EEE' and r.slug = 'btech-4yr' on conflict (roadmap_id, number) do nothing;
insert into public.semesters (roadmap_id, number, title, theme) select r.id, 2, 'Core Skills', 'Branch fundamentals + first projects' from public.roadmaps r where r.branch_code = 'EEE' and r.slug = 'btech-4yr' on conflict (roadmap_id, number) do nothing;
insert into public.semesters (roadmap_id, number, title, theme) select r.id, 3, 'Intermediate Projects', 'Build real artifacts in your branch' from public.roadmaps r where r.branch_code = 'EEE' and r.slug = 'btech-4yr' on conflict (roadmap_id, number) do nothing;
insert into public.semesters (roadmap_id, number, title, theme) select r.id, 4, 'Advanced Systems', 'Deep theory + complex projects' from public.roadmaps r where r.branch_code = 'EEE' and r.slug = 'btech-4yr' on conflict (roadmap_id, number) do nothing;
insert into public.semesters (roadmap_id, number, title, theme) select r.id, 5, 'Industry Readiness', 'Internship-ready stack + certifications' from public.roadmaps r where r.branch_code = 'EEE' and r.slug = 'btech-4yr' on conflict (roadmap_id, number) do nothing;
insert into public.semesters (roadmap_id, number, title, theme) select r.id, 6, 'Placement Mastery', 'Interview prep + capstone' from public.roadmaps r where r.branch_code = 'EEE' and r.slug = 'btech-4yr' on conflict (roadmap_id, number) do nothing;
insert into public.semesters (roadmap_id, number, title, theme) select r.id, 7, 'Specialization', 'Pick a niche and go deep' from public.roadmaps r where r.branch_code = 'EEE' and r.slug = 'btech-4yr' on conflict (roadmap_id, number) do nothing;
insert into public.semesters (roadmap_id, number, title, theme) select r.id, 8, 'Capstone', 'Production-grade deliverable + offers' from public.roadmaps r where r.branch_code = 'EEE' and r.slug = 'btech-4yr' on conflict (roadmap_id, number) do nothing;
insert into public.semesters (roadmap_id, number, title, theme) select r.id, 1, 'Foundations', 'Math, basics, problem solving' from public.roadmaps r where r.branch_code = 'MECH' and r.slug = 'btech-4yr' on conflict (roadmap_id, number) do nothing;
insert into public.semesters (roadmap_id, number, title, theme) select r.id, 2, 'Core Skills', 'Branch fundamentals + first projects' from public.roadmaps r where r.branch_code = 'MECH' and r.slug = 'btech-4yr' on conflict (roadmap_id, number) do nothing;
insert into public.semesters (roadmap_id, number, title, theme) select r.id, 3, 'Intermediate Projects', 'Build real artifacts in your branch' from public.roadmaps r where r.branch_code = 'MECH' and r.slug = 'btech-4yr' on conflict (roadmap_id, number) do nothing;
insert into public.semesters (roadmap_id, number, title, theme) select r.id, 4, 'Advanced Systems', 'Deep theory + complex projects' from public.roadmaps r where r.branch_code = 'MECH' and r.slug = 'btech-4yr' on conflict (roadmap_id, number) do nothing;
insert into public.semesters (roadmap_id, number, title, theme) select r.id, 5, 'Industry Readiness', 'Internship-ready stack + certifications' from public.roadmaps r where r.branch_code = 'MECH' and r.slug = 'btech-4yr' on conflict (roadmap_id, number) do nothing;
insert into public.semesters (roadmap_id, number, title, theme) select r.id, 6, 'Placement Mastery', 'Interview prep + capstone' from public.roadmaps r where r.branch_code = 'MECH' and r.slug = 'btech-4yr' on conflict (roadmap_id, number) do nothing;
insert into public.semesters (roadmap_id, number, title, theme) select r.id, 7, 'Specialization', 'Pick a niche and go deep' from public.roadmaps r where r.branch_code = 'MECH' and r.slug = 'btech-4yr' on conflict (roadmap_id, number) do nothing;
insert into public.semesters (roadmap_id, number, title, theme) select r.id, 8, 'Capstone', 'Production-grade deliverable + offers' from public.roadmaps r where r.branch_code = 'MECH' and r.slug = 'btech-4yr' on conflict (roadmap_id, number) do nothing;
insert into public.semesters (roadmap_id, number, title, theme) select r.id, 1, 'Foundations', 'Math, basics, problem solving' from public.roadmaps r where r.branch_code = 'CIVIL' and r.slug = 'btech-4yr' on conflict (roadmap_id, number) do nothing;
insert into public.semesters (roadmap_id, number, title, theme) select r.id, 2, 'Core Skills', 'Branch fundamentals + first projects' from public.roadmaps r where r.branch_code = 'CIVIL' and r.slug = 'btech-4yr' on conflict (roadmap_id, number) do nothing;
insert into public.semesters (roadmap_id, number, title, theme) select r.id, 3, 'Intermediate Projects', 'Build real artifacts in your branch' from public.roadmaps r where r.branch_code = 'CIVIL' and r.slug = 'btech-4yr' on conflict (roadmap_id, number) do nothing;
insert into public.semesters (roadmap_id, number, title, theme) select r.id, 4, 'Advanced Systems', 'Deep theory + complex projects' from public.roadmaps r where r.branch_code = 'CIVIL' and r.slug = 'btech-4yr' on conflict (roadmap_id, number) do nothing;
insert into public.semesters (roadmap_id, number, title, theme) select r.id, 5, 'Industry Readiness', 'Internship-ready stack + certifications' from public.roadmaps r where r.branch_code = 'CIVIL' and r.slug = 'btech-4yr' on conflict (roadmap_id, number) do nothing;
insert into public.semesters (roadmap_id, number, title, theme) select r.id, 6, 'Placement Mastery', 'Interview prep + capstone' from public.roadmaps r where r.branch_code = 'CIVIL' and r.slug = 'btech-4yr' on conflict (roadmap_id, number) do nothing;
insert into public.semesters (roadmap_id, number, title, theme) select r.id, 7, 'Specialization', 'Pick a niche and go deep' from public.roadmaps r where r.branch_code = 'CIVIL' and r.slug = 'btech-4yr' on conflict (roadmap_id, number) do nothing;
insert into public.semesters (roadmap_id, number, title, theme) select r.id, 8, 'Capstone', 'Production-grade deliverable + offers' from public.roadmaps r where r.branch_code = 'CIVIL' and r.slug = 'btech-4yr' on conflict (roadmap_id, number) do nothing;

-- ===== SKILLS =====
insert into public.skills (branch_code, slug, name, description, sort_order) values ('CSE', 'c', 'C', 'Memory model + procedural fundamentals.', 1) on conflict (branch_code, slug) do nothing;
insert into public.skills (branch_code, slug, name, description, sort_order) values ('CSE', 'cpp', 'C++', 'Object-oriented + STL.', 2) on conflict (branch_code, slug) do nothing;
insert into public.skills (branch_code, slug, name, description, sort_order) values ('CSE', 'java', 'Java', 'JVM ecosystem + enterprise patterns.', 3) on conflict (branch_code, slug) do nothing;
insert into public.skills (branch_code, slug, name, description, sort_order) values ('CSE', 'python', 'Python', 'Scripting, scientific, web.', 4) on conflict (branch_code, slug) do nothing;
insert into public.skills (branch_code, slug, name, description, sort_order) values ('CSE', 'dsa', 'Data Structures + Algos', 'The compounding interview skill.', 5) on conflict (branch_code, slug) do nothing;
insert into public.skills (branch_code, slug, name, description, sort_order) values ('CSE', 'fullstack', 'Full Stack', 'React, Node, Postgres, deploy.', 6) on conflict (branch_code, slug) do nothing;
insert into public.skills (branch_code, slug, name, description, sort_order) values ('CSE', 'cloud', 'Cloud', 'AWS / GCP basics, deploy real services.', 7) on conflict (branch_code, slug) do nothing;
insert into public.skills (branch_code, slug, name, description, sort_order) values ('CSE', 'sysdesign', 'System Design', 'Scalable distributed systems.', 8) on conflict (branch_code, slug) do nothing;
insert into public.skills (branch_code, slug, name, description, sort_order) values ('CSE', 'ai-basics', 'AI Basics', 'ML intuition, working with LLMs.', 9) on conflict (branch_code, slug) do nothing;
insert into public.skills (branch_code, slug, name, description, sort_order) values ('AIML', 'python', 'Python', 'Tooling + data libraries.', 1) on conflict (branch_code, slug) do nothing;
insert into public.skills (branch_code, slug, name, description, sort_order) values ('AIML', 'math', 'Mathematics', 'Linear algebra, probability, calculus.', 2) on conflict (branch_code, slug) do nothing;
insert into public.skills (branch_code, slug, name, description, sort_order) values ('AIML', 'ml', 'Classical ML', 'Scikit-learn, end-to-end training.', 3) on conflict (branch_code, slug) do nothing;
insert into public.skills (branch_code, slug, name, description, sort_order) values ('AIML', 'dl', 'Deep Learning', 'PyTorch / TensorFlow.', 4) on conflict (branch_code, slug) do nothing;
insert into public.skills (branch_code, slug, name, description, sort_order) values ('AIML', 'nlp', 'NLP', 'Tokenization, embeddings, transformers.', 5) on conflict (branch_code, slug) do nothing;
insert into public.skills (branch_code, slug, name, description, sort_order) values ('AIML', 'cv', 'Computer Vision', 'CNNs, detection, segmentation.', 6) on conflict (branch_code, slug) do nothing;
insert into public.skills (branch_code, slug, name, description, sort_order) values ('AIML', 'genai', 'GenAI', 'LLMs, RAG, agents.', 7) on conflict (branch_code, slug) do nothing;
insert into public.skills (branch_code, slug, name, description, sort_order) values ('AIML', 'mlops', 'MLOps', 'Pipelines, monitoring, evals.', 8) on conflict (branch_code, slug) do nothing;
insert into public.skills (branch_code, slug, name, description, sort_order) values ('DS', 'python', 'Python', 'Pandas, numpy, polars.', 1) on conflict (branch_code, slug) do nothing;
insert into public.skills (branch_code, slug, name, description, sort_order) values ('DS', 'sql', 'SQL', 'Window functions, CTEs, optimization.', 2) on conflict (branch_code, slug) do nothing;
insert into public.skills (branch_code, slug, name, description, sort_order) values ('DS', 'stats', 'Statistics', 'Inference, A/B testing, Bayesian basics.', 3) on conflict (branch_code, slug) do nothing;
insert into public.skills (branch_code, slug, name, description, sort_order) values ('DS', 'viz', 'Data Viz', 'ggplot, plotly, design for clarity.', 4) on conflict (branch_code, slug) do nothing;
insert into public.skills (branch_code, slug, name, description, sort_order) values ('DS', 'ml', 'ML', 'Supervised + unsupervised baselines.', 5) on conflict (branch_code, slug) do nothing;
insert into public.skills (branch_code, slug, name, description, sort_order) values ('DS', 'eng', 'Data Engineering', 'ETL, warehousing, dbt.', 6) on conflict (branch_code, slug) do nothing;
insert into public.skills (branch_code, slug, name, description, sort_order) values ('DS', 'cloud', 'Cloud', 'BigQuery / Snowflake / Redshift.', 7) on conflict (branch_code, slug) do nothing;
insert into public.skills (branch_code, slug, name, description, sort_order) values ('DS', 'storytelling', 'Storytelling', 'Decks, memos, exec summaries.', 8) on conflict (branch_code, slug) do nothing;
insert into public.skills (branch_code, slug, name, description, sort_order) values ('ECE', 'circuits', 'Circuit Theory', 'KVL/KCL, RLC, AC analysis.', 1) on conflict (branch_code, slug) do nothing;
insert into public.skills (branch_code, slug, name, description, sort_order) values ('ECE', 'digital', 'Digital Systems', 'Logic, FSMs, Verilog.', 2) on conflict (branch_code, slug) do nothing;
insert into public.skills (branch_code, slug, name, description, sort_order) values ('ECE', 'signals', 'Signals & Systems', 'Convolution, FT, Z-transform.', 3) on conflict (branch_code, slug) do nothing;
insert into public.skills (branch_code, slug, name, description, sort_order) values ('ECE', 'comms', 'Communication Systems', 'Modulation, channels, coding.', 4) on conflict (branch_code, slug) do nothing;
insert into public.skills (branch_code, slug, name, description, sort_order) values ('ECE', 'embedded', 'Embedded', 'ARM, RTOS, peripherals.', 5) on conflict (branch_code, slug) do nothing;
insert into public.skills (branch_code, slug, name, description, sort_order) values ('ECE', 'iot', 'IoT', 'ESP32 / Pi, MQTT, sensors.', 6) on conflict (branch_code, slug) do nothing;
insert into public.skills (branch_code, slug, name, description, sort_order) values ('ECE', 'rf', 'RF & Microwave', 'Antennas, transmission lines.', 7) on conflict (branch_code, slug) do nothing;
insert into public.skills (branch_code, slug, name, description, sort_order) values ('ECE', 'vlsi', 'VLSI', 'CMOS, RTL, layout.', 8) on conflict (branch_code, slug) do nothing;
insert into public.skills (branch_code, slug, name, description, sort_order) values ('EEE', 'circuits', 'Circuits', 'DC + AC, Thevenin, transients.', 1) on conflict (branch_code, slug) do nothing;
insert into public.skills (branch_code, slug, name, description, sort_order) values ('EEE', 'machines', 'Electrical Machines', 'DC, induction, synchronous.', 2) on conflict (branch_code, slug) do nothing;
insert into public.skills (branch_code, slug, name, description, sort_order) values ('EEE', 'power', 'Power Systems', 'Generation, transmission, protection.', 3) on conflict (branch_code, slug) do nothing;
insert into public.skills (branch_code, slug, name, description, sort_order) values ('EEE', 'control', 'Control Systems', 'Bode, Nyquist, state-space.', 4) on conflict (branch_code, slug) do nothing;
insert into public.skills (branch_code, slug, name, description, sort_order) values ('EEE', 'power-electronics', 'Power Electronics', 'Converters, drives, inverters.', 5) on conflict (branch_code, slug) do nothing;
insert into public.skills (branch_code, slug, name, description, sort_order) values ('EEE', 'renewables', 'Renewables', 'PV, wind, storage.', 6) on conflict (branch_code, slug) do nothing;
insert into public.skills (branch_code, slug, name, description, sort_order) values ('EEE', 'instrumentation', 'Instrumentation', 'Sensors, transducers, SCADA.', 7) on conflict (branch_code, slug) do nothing;
insert into public.skills (branch_code, slug, name, description, sort_order) values ('EEE', 'smart-grid', 'Smart Grid', 'Distributed energy, demand response.', 8) on conflict (branch_code, slug) do nothing;
insert into public.skills (branch_code, slug, name, description, sort_order) values ('MECH', 'solid', 'Solid Mechanics', 'Stress, strain, beams.', 1) on conflict (branch_code, slug) do nothing;
insert into public.skills (branch_code, slug, name, description, sort_order) values ('MECH', 'thermo', 'Thermodynamics', 'Cycles, refrigeration, IC engines.', 2) on conflict (branch_code, slug) do nothing;
insert into public.skills (branch_code, slug, name, description, sort_order) values ('MECH', 'fluids', 'Fluid Mechanics', 'Bernoulli, viscosity, turbulence.', 3) on conflict (branch_code, slug) do nothing;
insert into public.skills (branch_code, slug, name, description, sort_order) values ('MECH', 'manufacturing', 'Manufacturing', 'Casting, machining, additive.', 4) on conflict (branch_code, slug) do nothing;
insert into public.skills (branch_code, slug, name, description, sort_order) values ('MECH', 'cad', 'CAD/CAM', 'SolidWorks, Fusion 360, parametric design.', 5) on conflict (branch_code, slug) do nothing;
insert into public.skills (branch_code, slug, name, description, sort_order) values ('MECH', 'fea', 'FEA / CFD', 'Ansys, SimScale workflows.', 6) on conflict (branch_code, slug) do nothing;
insert into public.skills (branch_code, slug, name, description, sort_order) values ('MECH', 'robotics', 'Robotics', 'Kinematics, dynamics, control.', 7) on conflict (branch_code, slug) do nothing;
insert into public.skills (branch_code, slug, name, description, sort_order) values ('MECH', 'auto', 'Automotive', 'Powertrains, EV systems.', 8) on conflict (branch_code, slug) do nothing;
insert into public.skills (branch_code, slug, name, description, sort_order) values ('CIVIL', 'structures', 'Structural Analysis', 'Beams, frames, indeterminacy.', 1) on conflict (branch_code, slug) do nothing;
insert into public.skills (branch_code, slug, name, description, sort_order) values ('CIVIL', 'rcc', 'RCC Design', 'Limit state, IS 456 essentials.', 2) on conflict (branch_code, slug) do nothing;
insert into public.skills (branch_code, slug, name, description, sort_order) values ('CIVIL', 'steel', 'Steel Design', 'Bolted/welded connections, plate girders.', 3) on conflict (branch_code, slug) do nothing;
insert into public.skills (branch_code, slug, name, description, sort_order) values ('CIVIL', 'geotech', 'Geotechnical', 'Soil mechanics, foundations.', 4) on conflict (branch_code, slug) do nothing;
insert into public.skills (branch_code, slug, name, description, sort_order) values ('CIVIL', 'transport', 'Transportation', 'Highways, traffic, pavements.', 5) on conflict (branch_code, slug) do nothing;
insert into public.skills (branch_code, slug, name, description, sort_order) values ('CIVIL', 'water', 'Water Resources', 'Hydrology, hydraulics, supply.', 6) on conflict (branch_code, slug) do nothing;
insert into public.skills (branch_code, slug, name, description, sort_order) values ('CIVIL', 'env', 'Environmental', 'Treatment, sustainability.', 7) on conflict (branch_code, slug) do nothing;
insert into public.skills (branch_code, slug, name, description, sort_order) values ('CIVIL', 'bim', 'BIM', 'Revit, IFC, parametric modeling.', 8) on conflict (branch_code, slug) do nothing;

-- ===== MISSIONS =====
insert into public.missions (branch_code, kind, title, description, resource_url, difficulty, estimated_minutes, xp_reward) values ('CSE', 'coding', 'Solve 2 LeetCode easy problems', 'Aim for clean solutions, not just AC.', 'https://leetcode.com/problemset/all/?difficulty=EASY', 'beginner', 30, 60) on conflict do nothing;
insert into public.missions (branch_code, kind, title, description, resource_url, difficulty, estimated_minutes, xp_reward) values ('CSE', 'coding', 'Solve 1 LeetCode medium', 'Write the dry-run before coding.', 'https://leetcode.com/problemset/all/?difficulty=MEDIUM', 'intermediate', 45, 100) on conflict do nothing;
insert into public.missions (branch_code, kind, title, description, resource_url, difficulty, estimated_minutes, xp_reward) values ('CSE', 'revision', 'Revise yesterday''s concept', '10-minute spaced repetition.', NULL, 'beginner', 10, 20) on conflict do nothing;
insert into public.missions (branch_code, kind, title, description, resource_url, difficulty, estimated_minutes, xp_reward) values ('CSE', 'communication', 'Explain a CS topic in 5 mins', 'Record yourself. Listen back.', NULL, 'beginner', 10, 30) on conflict do nothing;
insert into public.missions (branch_code, kind, title, description, resource_url, difficulty, estimated_minutes, xp_reward) values ('CSE', 'project', 'Push 1 commit to GitHub', 'Anything that ships counts.', 'https://github.com', 'beginner', 20, 40) on conflict do nothing;
insert into public.missions (branch_code, kind, title, description, resource_url, difficulty, estimated_minutes, xp_reward) values ('CSE', 'ai_learning', 'Read 1 ML primer', 'Concept depth > paper count.', 'https://distill.pub', 'intermediate', 25, 50) on conflict do nothing;
insert into public.missions (branch_code, kind, title, description, resource_url, difficulty, estimated_minutes, xp_reward) values ('CSE', 'aptitude', 'Solve 5 quant problems', 'Speed + accuracy.', NULL, 'beginner', 20, 30) on conflict do nothing;
insert into public.missions (branch_code, kind, title, description, resource_url, difficulty, estimated_minutes, xp_reward) values ('CSE', 'build', 'Ship one tangible artifact', 'CLI, page, API, anything real.', NULL, 'intermediate', 60, 100) on conflict do nothing;
insert into public.missions (branch_code, kind, title, description, resource_url, difficulty, estimated_minutes, xp_reward) values ('AIML', 'ai_learning', 'Train 1 small model', 'Iris, MNIST, anything end-to-end.', NULL, 'beginner', 45, 80) on conflict do nothing;
insert into public.missions (branch_code, kind, title, description, resource_url, difficulty, estimated_minutes, xp_reward) values ('AIML', 'coding', 'Implement 1 algorithm from scratch', 'Write SGD or k-means without sklearn.', NULL, 'intermediate', 60, 120) on conflict do nothing;
insert into public.missions (branch_code, kind, title, description, resource_url, difficulty, estimated_minutes, xp_reward) values ('AIML', 'reading', 'Read 1 paper abstract+intro', 'Skim widely, dig into one.', 'https://arxiv.org', 'intermediate', 20, 40) on conflict do nothing;
insert into public.missions (branch_code, kind, title, description, resource_url, difficulty, estimated_minutes, xp_reward) values ('AIML', 'project', 'Tinker with 1 LLM API', 'Build a 30-line prototype.', 'https://platform.openai.com', 'beginner', 40, 70) on conflict do nothing;
insert into public.missions (branch_code, kind, title, description, resource_url, difficulty, estimated_minutes, xp_reward) values ('AIML', 'revision', 'Math drill: 5 linear-algebra problems', 'Vectors, matrices, eigenstuff.', NULL, 'beginner', 20, 30) on conflict do nothing;
insert into public.missions (branch_code, kind, title, description, resource_url, difficulty, estimated_minutes, xp_reward) values ('AIML', 'communication', 'Write a 200-word ML summary', 'Force yourself to be clear.', NULL, 'beginner', 15, 30) on conflict do nothing;
insert into public.missions (branch_code, kind, title, description, resource_url, difficulty, estimated_minutes, xp_reward) values ('AIML', 'build', 'Push a notebook to GitHub', 'Reproducible > polished.', 'https://github.com', 'beginner', 30, 50) on conflict do nothing;
insert into public.missions (branch_code, kind, title, description, resource_url, difficulty, estimated_minutes, xp_reward) values ('AIML', 'ai_learning', 'Read 1 GenAI cookbook recipe', 'Then implement it.', 'https://cookbook.openai.com', 'intermediate', 30, 60) on conflict do nothing;
insert into public.missions (branch_code, kind, title, description, resource_url, difficulty, estimated_minutes, xp_reward) values ('DS', 'coding', 'Solve 5 SQL problems', 'Joins, CTEs, window functions.', 'https://datalemur.com', 'beginner', 30, 60) on conflict do nothing;
insert into public.missions (branch_code, kind, title, description, resource_url, difficulty, estimated_minutes, xp_reward) values ('DS', 'ai_learning', 'EDA on a fresh dataset', 'Find 3 surprises.', 'https://www.kaggle.com/datasets', 'beginner', 45, 80) on conflict do nothing;
insert into public.missions (branch_code, kind, title, description, resource_url, difficulty, estimated_minutes, xp_reward) values ('DS', 'revision', 'Drill probability', '5 problems, varied formats.', NULL, 'beginner', 20, 30) on conflict do nothing;
insert into public.missions (branch_code, kind, title, description, resource_url, difficulty, estimated_minutes, xp_reward) values ('DS', 'communication', 'One-page memo from a chart', 'No jargon. Lead with insight.', NULL, 'intermediate', 20, 50) on conflict do nothing;
insert into public.missions (branch_code, kind, title, description, resource_url, difficulty, estimated_minutes, xp_reward) values ('DS', 'project', 'Ship a dashboard', 'Streamlit, Metabase, or Plotly.', 'https://streamlit.io', 'intermediate', 60, 100) on conflict do nothing;
insert into public.missions (branch_code, kind, title, description, resource_url, difficulty, estimated_minutes, xp_reward) values ('DS', 'reading', 'Read 1 stats blog post', 'Ben Recht, Andrew Gelman, etc.', NULL, 'intermediate', 20, 30) on conflict do nothing;
insert into public.missions (branch_code, kind, title, description, resource_url, difficulty, estimated_minutes, xp_reward) values ('DS', 'aptitude', 'Solve 3 case-study questions', 'Structure beats math.', NULL, 'intermediate', 30, 50) on conflict do nothing;
insert into public.missions (branch_code, kind, title, description, resource_url, difficulty, estimated_minutes, xp_reward) values ('DS', 'build', 'Clean a messy CSV end-to-end', 'From raw to analytics-ready.', NULL, 'beginner', 45, 70) on conflict do nothing;
insert into public.missions (branch_code, kind, title, description, resource_url, difficulty, estimated_minutes, xp_reward) values ('ECE', 'coding', 'Simulate 1 circuit in LTspice', 'Then sweep one parameter.', 'https://www.analog.com/en/design-center/design-tools-and-calculators/ltspice-simulator.html', 'beginner', 30, 60) on conflict do nothing;
insert into public.missions (branch_code, kind, title, description, resource_url, difficulty, estimated_minutes, xp_reward) values ('ECE', 'project', 'Build 1 breadboard circuit', 'Photograph it for the portfolio.', NULL, 'beginner', 45, 80) on conflict do nothing;
insert into public.missions (branch_code, kind, title, description, resource_url, difficulty, estimated_minutes, xp_reward) values ('ECE', 'revision', 'Solve 5 signals problems', 'Convolution, FT, sampling.', NULL, 'intermediate', 30, 50) on conflict do nothing;
insert into public.missions (branch_code, kind, title, description, resource_url, difficulty, estimated_minutes, xp_reward) values ('ECE', 'ai_learning', 'Read 1 IoT case study', 'Sensor + protocol + cloud.', NULL, 'beginner', 20, 30) on conflict do nothing;
insert into public.missions (branch_code, kind, title, description, resource_url, difficulty, estimated_minutes, xp_reward) values ('ECE', 'communication', 'Explain 1 concept on a whiteboard', 'Then teach a friend.', NULL, 'beginner', 10, 20) on conflict do nothing;
insert into public.missions (branch_code, kind, title, description, resource_url, difficulty, estimated_minutes, xp_reward) values ('ECE', 'build', 'Flash 1 firmware update', 'Blink, sensor read, anything.', NULL, 'beginner', 30, 50) on conflict do nothing;
insert into public.missions (branch_code, kind, title, description, resource_url, difficulty, estimated_minutes, xp_reward) values ('ECE', 'reading', 'Read 1 EE Times article', 'Industry > textbooks weekly.', 'https://www.eetimes.com', 'beginner', 15, 20) on conflict do nothing;
insert into public.missions (branch_code, kind, title, description, resource_url, difficulty, estimated_minutes, xp_reward) values ('ECE', 'project', 'Push 1 schematic to GitHub', 'KiCad / EasyEDA / Fritzing.', 'https://github.com', 'intermediate', 40, 70) on conflict do nothing;
insert into public.missions (branch_code, kind, title, description, resource_url, difficulty, estimated_minutes, xp_reward) values ('EEE', 'revision', 'Solve 5 power-systems problems', 'Per-unit, fault analysis.', NULL, 'intermediate', 30, 50) on conflict do nothing;
insert into public.missions (branch_code, kind, title, description, resource_url, difficulty, estimated_minutes, xp_reward) values ('EEE', 'project', 'Simulate 1 motor in MATLAB', 'DC, induction, or BLDC.', 'https://www.mathworks.com', 'intermediate', 45, 80) on conflict do nothing;
insert into public.missions (branch_code, kind, title, description, resource_url, difficulty, estimated_minutes, xp_reward) values ('EEE', 'coding', 'Write Python for 1 control loop', 'PID is a great start.', NULL, 'beginner', 40, 60) on conflict do nothing;
insert into public.missions (branch_code, kind, title, description, resource_url, difficulty, estimated_minutes, xp_reward) values ('EEE', 'reading', 'Read 1 IEEE Spectrum article', 'Stay current with the field.', 'https://spectrum.ieee.org', 'beginner', 15, 20) on conflict do nothing;
insert into public.missions (branch_code, kind, title, description, resource_url, difficulty, estimated_minutes, xp_reward) values ('EEE', 'build', 'Wire a small relay project', 'Safety first.', NULL, 'beginner', 30, 50) on conflict do nothing;
insert into public.missions (branch_code, kind, title, description, resource_url, difficulty, estimated_minutes, xp_reward) values ('EEE', 'ai_learning', 'Smart-grid data on Kaggle', 'Pick a small dataset.', 'https://www.kaggle.com', 'intermediate', 45, 70) on conflict do nothing;
insert into public.missions (branch_code, kind, title, description, resource_url, difficulty, estimated_minutes, xp_reward) values ('EEE', 'communication', 'Sketch a single-line diagram', 'Explain it out loud.', NULL, 'beginner', 15, 30) on conflict do nothing;
insert into public.missions (branch_code, kind, title, description, resource_url, difficulty, estimated_minutes, xp_reward) values ('EEE', 'aptitude', 'Solve 5 numerical problems', 'Mixed difficulty.', NULL, 'beginner', 20, 30) on conflict do nothing;
insert into public.missions (branch_code, kind, title, description, resource_url, difficulty, estimated_minutes, xp_reward) values ('MECH', 'project', 'Sketch 1 part in CAD', 'Constraints, dimensions, fillets.', 'https://www.fusion360.com', 'beginner', 30, 60) on conflict do nothing;
insert into public.missions (branch_code, kind, title, description, resource_url, difficulty, estimated_minutes, xp_reward) values ('MECH', 'revision', 'Solve 5 thermo problems', 'Cycles or HX design.', NULL, 'intermediate', 30, 50) on conflict do nothing;
insert into public.missions (branch_code, kind, title, description, resource_url, difficulty, estimated_minutes, xp_reward) values ('MECH', 'ai_learning', 'Read 1 manufacturing case', 'Toyota, SpaceX, anyone real.', NULL, 'beginner', 20, 30) on conflict do nothing;
insert into public.missions (branch_code, kind, title, description, resource_url, difficulty, estimated_minutes, xp_reward) values ('MECH', 'build', 'Print or machine 1 prototype', 'Even a small bracket.', NULL, 'intermediate', 60, 100) on conflict do nothing;
insert into public.missions (branch_code, kind, title, description, resource_url, difficulty, estimated_minutes, xp_reward) values ('MECH', 'coding', 'Run 1 FEA simulation', 'Bracket under load.', 'https://www.simscale.com', 'intermediate', 60, 100) on conflict do nothing;
insert into public.missions (branch_code, kind, title, description, resource_url, difficulty, estimated_minutes, xp_reward) values ('MECH', 'communication', 'Write 1 design rationale', 'Why this geometry?', NULL, 'beginner', 20, 30) on conflict do nothing;
insert into public.missions (branch_code, kind, title, description, resource_url, difficulty, estimated_minutes, xp_reward) values ('MECH', 'reading', 'Read 1 ME blog post', 'Practical Engineering, etc.', NULL, 'beginner', 15, 20) on conflict do nothing;
insert into public.missions (branch_code, kind, title, description, resource_url, difficulty, estimated_minutes, xp_reward) values ('MECH', 'aptitude', 'Solve 5 mechanics problems', 'Statics or dynamics.', NULL, 'beginner', 20, 30) on conflict do nothing;
insert into public.missions (branch_code, kind, title, description, resource_url, difficulty, estimated_minutes, xp_reward) values ('CIVIL', 'revision', 'Solve 5 RCC problems', 'Limit-state design.', NULL, 'intermediate', 30, 50) on conflict do nothing;
insert into public.missions (branch_code, kind, title, description, resource_url, difficulty, estimated_minutes, xp_reward) values ('CIVIL', 'project', 'Model a 2-storey frame in STAAD', 'Or a free alternative.', 'https://www.bentley.com', 'intermediate', 60, 100) on conflict do nothing;
insert into public.missions (branch_code, kind, title, description, resource_url, difficulty, estimated_minutes, xp_reward) values ('CIVIL', 'ai_learning', 'Read 1 sustainable-design case', 'Cement alternatives, retrofits.', NULL, 'beginner', 20, 30) on conflict do nothing;
insert into public.missions (branch_code, kind, title, description, resource_url, difficulty, estimated_minutes, xp_reward) values ('CIVIL', 'build', 'Sketch a section in Revit', 'BIM mindset, not paper.', 'https://www.autodesk.com/products/revit', 'beginner', 30, 60) on conflict do nothing;
insert into public.missions (branch_code, kind, title, description, resource_url, difficulty, estimated_minutes, xp_reward) values ('CIVIL', 'coding', 'Write a Python script for soil calc', 'Bearing capacity from inputs.', NULL, 'intermediate', 30, 50) on conflict do nothing;
insert into public.missions (branch_code, kind, title, description, resource_url, difficulty, estimated_minutes, xp_reward) values ('CIVIL', 'communication', 'Write a 1-page site report', 'Photos + observations + plan.', NULL, 'beginner', 20, 30) on conflict do nothing;
insert into public.missions (branch_code, kind, title, description, resource_url, difficulty, estimated_minutes, xp_reward) values ('CIVIL', 'reading', 'Read 1 ASCE article', 'Industry pulse.', 'https://www.asce.org', 'beginner', 15, 20) on conflict do nothing;
insert into public.missions (branch_code, kind, title, description, resource_url, difficulty, estimated_minutes, xp_reward) values ('CIVIL', 'aptitude', 'Solve 5 surveying problems', 'Bearings, levelling, contours.', NULL, 'beginner', 20, 30) on conflict do nothing;

-- ===== CERTIFICATIONS =====
insert into public.certifications (branch_code, provider, name, url, difficulty, estimated_hours, xp_reward, badge_emoji) values ('CSE', 'google', 'Google Cloud Digital Leader', 'https://cloud.google.com/learn/certification/cloud-digital-leader', 'beginner', 30, 500, 'GCP') on conflict do nothing;
insert into public.certifications (branch_code, provider, name, url, difficulty, estimated_hours, xp_reward, badge_emoji) values ('CSE', 'aws', 'AWS Cloud Practitioner', 'https://aws.amazon.com/certification/certified-cloud-practitioner', 'beginner', 40, 600, 'AWS') on conflict do nothing;
insert into public.certifications (branch_code, provider, name, url, difficulty, estimated_hours, xp_reward, badge_emoji) values ('CSE', 'microsoft', 'Azure AZ-900 Fundamentals', 'https://learn.microsoft.com/en-us/certifications/azure-fundamentals', 'beginner', 35, 500, 'AZ') on conflict do nothing;
insert into public.certifications (branch_code, provider, name, url, difficulty, estimated_hours, xp_reward, badge_emoji) values ('CSE', 'oracle', 'Oracle Java SE Foundations', 'https://education.oracle.com', 'intermediate', 60, 800, 'JV') on conflict do nothing;
insert into public.certifications (branch_code, provider, name, url, difficulty, estimated_hours, xp_reward, badge_emoji) values ('CSE', 'meta', 'Meta Front-End Developer', 'https://www.coursera.org/professional-certificates/meta-front-end-developer', 'intermediate', 80, 1000, 'FE') on conflict do nothing;
insert into public.certifications (branch_code, provider, name, url, difficulty, estimated_hours, xp_reward, badge_emoji) values ('CSE', 'cisco', 'CCNA', 'https://www.cisco.com/site/us/en/learn/training-certifications/certifications/enterprise/ccna/index.html', 'advanced', 120, 1500, 'NW') on conflict do nothing;
insert into public.certifications (branch_code, provider, name, url, difficulty, estimated_hours, xp_reward, badge_emoji) values ('AIML', 'google', 'Google Cloud ML Engineer', 'https://cloud.google.com/learn/certification/machine-learning-engineer', 'advanced', 100, 1500, 'ML') on conflict do nothing;
insert into public.certifications (branch_code, provider, name, url, difficulty, estimated_hours, xp_reward, badge_emoji) values ('AIML', 'aws', 'AWS Certified ML - Specialty', 'https://aws.amazon.com/certification/certified-machine-learning-specialty', 'advanced', 120, 1700, 'ML') on conflict do nothing;
insert into public.certifications (branch_code, provider, name, url, difficulty, estimated_hours, xp_reward, badge_emoji) values ('AIML', 'microsoft', 'Azure AI Fundamentals AI-900', 'https://learn.microsoft.com/en-us/certifications/azure-ai-fundamentals', 'beginner', 30, 500, 'AI') on conflict do nothing;
insert into public.certifications (branch_code, provider, name, url, difficulty, estimated_hours, xp_reward, badge_emoji) values ('AIML', 'nvidia', 'NVIDIA DLI - Deep Learning Fundamentals', 'https://www.nvidia.com/en-us/training', 'intermediate', 40, 700, 'DL') on conflict do nothing;
insert into public.certifications (branch_code, provider, name, url, difficulty, estimated_hours, xp_reward, badge_emoji) values ('AIML', 'ibm', 'IBM AI Engineering Professional', 'https://www.coursera.org/professional-certificates/ai-engineer', 'intermediate', 60, 900, 'AI') on conflict do nothing;
insert into public.certifications (branch_code, provider, name, url, difficulty, estimated_hours, xp_reward, badge_emoji) values ('AIML', 'meta', 'Meta GenAI Specialization', 'https://www.coursera.org', 'intermediate', 50, 700, 'GA') on conflict do nothing;
insert into public.certifications (branch_code, provider, name, url, difficulty, estimated_hours, xp_reward, badge_emoji) values ('DS', 'google', 'Google Data Analytics Professional', 'https://www.coursera.org/professional-certificates/google-data-analytics', 'beginner', 60, 800, 'DA') on conflict do nothing;
insert into public.certifications (branch_code, provider, name, url, difficulty, estimated_hours, xp_reward, badge_emoji) values ('DS', 'ibm', 'IBM Data Science Professional', 'https://www.coursera.org/professional-certificates/ibm-data-science', 'intermediate', 80, 1000, 'DS') on conflict do nothing;
insert into public.certifications (branch_code, provider, name, url, difficulty, estimated_hours, xp_reward, badge_emoji) values ('DS', 'microsoft', 'Power BI PL-300', 'https://learn.microsoft.com/en-us/certifications/data-analyst-associate', 'intermediate', 40, 700, 'BI') on conflict do nothing;
insert into public.certifications (branch_code, provider, name, url, difficulty, estimated_hours, xp_reward, badge_emoji) values ('DS', 'aws', 'AWS Data Analytics - Specialty', 'https://aws.amazon.com/certification/certified-data-analytics-specialty', 'advanced', 100, 1500, 'DA') on conflict do nothing;
insert into public.certifications (branch_code, provider, name, url, difficulty, estimated_hours, xp_reward, badge_emoji) values ('DS', 'oracle', 'Oracle SQL Developer', 'https://education.oracle.com', 'intermediate', 30, 500, 'SQ') on conflict do nothing;
insert into public.certifications (branch_code, provider, name, url, difficulty, estimated_hours, xp_reward, badge_emoji) values ('DS', 'nvidia', 'RAPIDS Data Science', 'https://www.nvidia.com/en-us/training', 'intermediate', 30, 500, 'GPU') on conflict do nothing;
insert into public.certifications (branch_code, provider, name, url, difficulty, estimated_hours, xp_reward, badge_emoji) values ('ECE', 'cisco', 'Cisco IoT Fundamentals', 'https://www.cisco.com/site/us/en/learn/training-certifications/certifications/iot/index.html', 'intermediate', 40, 800, 'IoT') on conflict do nothing;
insert into public.certifications (branch_code, provider, name, url, difficulty, estimated_hours, xp_reward, badge_emoji) values ('ECE', 'microsoft', 'Azure IoT Developer AZ-220', 'https://learn.microsoft.com/en-us/certifications/azure-iot-developer-specialty', 'intermediate', 60, 1000, 'IoT') on conflict do nothing;
insert into public.certifications (branch_code, provider, name, url, difficulty, estimated_hours, xp_reward, badge_emoji) values ('ECE', 'aws', 'AWS IoT specialty path', 'https://aws.amazon.com/training', 'intermediate', 50, 900, 'IoT') on conflict do nothing;
insert into public.certifications (branch_code, provider, name, url, difficulty, estimated_hours, xp_reward, badge_emoji) values ('ECE', 'nvidia', 'Jetson AI Fundamentals', 'https://developer.nvidia.com/embedded/learn/jetson-ai-certification-programs', 'beginner', 30, 500, 'JET') on conflict do nothing;
insert into public.certifications (branch_code, provider, name, url, difficulty, estimated_hours, xp_reward, badge_emoji) values ('ECE', 'other', 'Texas Instruments uC training', 'https://training.ti.com', 'beginner', 20, 400, 'TI') on conflict do nothing;
insert into public.certifications (branch_code, provider, name, url, difficulty, estimated_hours, xp_reward, badge_emoji) values ('ECE', 'other', 'ARM Education embedded course', 'https://developer.arm.com/training', 'intermediate', 50, 800, 'ARM') on conflict do nothing;
insert into public.certifications (branch_code, provider, name, url, difficulty, estimated_hours, xp_reward, badge_emoji) values ('EEE', 'other', 'NPTEL - Power Systems', 'https://nptel.ac.in', 'intermediate', 80, 1000, 'PS') on conflict do nothing;
insert into public.certifications (branch_code, provider, name, url, difficulty, estimated_hours, xp_reward, badge_emoji) values ('EEE', 'microsoft', 'Azure for Industry IoT', 'https://learn.microsoft.com', 'intermediate', 40, 700, 'IoT') on conflict do nothing;
insert into public.certifications (branch_code, provider, name, url, difficulty, estimated_hours, xp_reward, badge_emoji) values ('EEE', 'other', 'Siemens TIA Portal Basics', 'https://www.siemens.com', 'beginner', 30, 500, 'PLC') on conflict do nothing;
insert into public.certifications (branch_code, provider, name, url, difficulty, estimated_hours, xp_reward, badge_emoji) values ('EEE', 'other', 'ABB Drives training', 'https://new.abb.com/drives/training', 'beginner', 25, 400, 'DR') on conflict do nothing;
insert into public.certifications (branch_code, provider, name, url, difficulty, estimated_hours, xp_reward, badge_emoji) values ('EEE', 'ibm', 'IBM Renewables Engineering', 'https://www.coursera.org', 'intermediate', 50, 800, 'RE') on conflict do nothing;
insert into public.certifications (branch_code, provider, name, url, difficulty, estimated_hours, xp_reward, badge_emoji) values ('EEE', 'other', 'NPTEL - Smart Grid', 'https://nptel.ac.in', 'advanced', 80, 1200, 'SG') on conflict do nothing;
insert into public.certifications (branch_code, provider, name, url, difficulty, estimated_hours, xp_reward, badge_emoji) values ('MECH', 'other', 'SolidWorks CSWA', 'https://www.solidworks.com/sw/support/mcad-certification-programs.htm', 'beginner', 40, 700, 'CAD') on conflict do nothing;
insert into public.certifications (branch_code, provider, name, url, difficulty, estimated_hours, xp_reward, badge_emoji) values ('MECH', 'other', 'Autodesk Fusion 360 Certified User', 'https://www.autodesk.com/certification', 'beginner', 30, 600, 'CAD') on conflict do nothing;
insert into public.certifications (branch_code, provider, name, url, difficulty, estimated_hours, xp_reward, badge_emoji) values ('MECH', 'other', 'Ansys Certified Mechanical Engineer', 'https://www.ansys.com', 'intermediate', 80, 1200, 'FEA') on conflict do nothing;
insert into public.certifications (branch_code, provider, name, url, difficulty, estimated_hours, xp_reward, badge_emoji) values ('MECH', 'other', 'Six Sigma Yellow Belt', 'https://asq.org/cert', 'beginner', 30, 600, '6S') on conflict do nothing;
insert into public.certifications (branch_code, provider, name, url, difficulty, estimated_hours, xp_reward, badge_emoji) values ('MECH', 'aws', 'AWS for Manufacturing', 'https://aws.amazon.com/manufacturing', 'beginner', 20, 400, 'MFG') on conflict do nothing;
insert into public.certifications (branch_code, provider, name, url, difficulty, estimated_hours, xp_reward, badge_emoji) values ('MECH', 'other', 'SAE Mobility specialization', 'https://www.sae.org/learn', 'intermediate', 50, 800, 'AUTO') on conflict do nothing;
insert into public.certifications (branch_code, provider, name, url, difficulty, estimated_hours, xp_reward, badge_emoji) values ('CIVIL', 'other', 'Autodesk Revit Certified User', 'https://www.autodesk.com/certification', 'beginner', 40, 700, 'BIM') on conflict do nothing;
insert into public.certifications (branch_code, provider, name, url, difficulty, estimated_hours, xp_reward, badge_emoji) values ('CIVIL', 'other', 'STAAD.Pro training', 'https://www.bentley.com/software/staad-pro', 'intermediate', 50, 800, 'STR') on conflict do nothing;
insert into public.certifications (branch_code, provider, name, url, difficulty, estimated_hours, xp_reward, badge_emoji) values ('CIVIL', 'other', 'LEED Green Associate', 'https://www.usgbc.org/credentials/leed-green-associate', 'intermediate', 60, 900, 'GRN') on conflict do nothing;
insert into public.certifications (branch_code, provider, name, url, difficulty, estimated_hours, xp_reward, badge_emoji) values ('CIVIL', 'other', 'PMI Project Management Foundations', 'https://www.pmi.org', 'intermediate', 40, 700, 'PM') on conflict do nothing;
insert into public.certifications (branch_code, provider, name, url, difficulty, estimated_hours, xp_reward, badge_emoji) values ('CIVIL', 'ibm', 'IBM Construction Tech', 'https://www.coursera.org', 'beginner', 30, 500, 'CT') on conflict do nothing;
insert into public.certifications (branch_code, provider, name, url, difficulty, estimated_hours, xp_reward, badge_emoji) values ('CIVIL', 'other', 'NPTEL - Geotechnical Engineering', 'https://nptel.ac.in', 'intermediate', 80, 1000, 'GT') on conflict do nothing;

-- ===== PROJECTS =====
insert into public.projects (branch_code, slug, title, description, difficulty, estimated_hours, xp_reward, sort_order) values ('CSE', 'portfolio', 'Mission 1 - Portfolio website', 'Static personal site with one cool interaction.', 'beginner', 6, 200, 1) on conflict (branch_code, slug) do nothing;
insert into public.projects (branch_code, slug, title, description, difficulty, estimated_hours, xp_reward, sort_order) values ('CSE', 'fullstack-auth', 'Mission 2 - Full-stack auth app', 'Sign-up, login, JWT, profile page.', 'intermediate', 16, 400, 2) on conflict (branch_code, slug) do nothing;
insert into public.projects (branch_code, slug, title, description, difficulty, estimated_hours, xp_reward, sort_order) values ('CSE', 'ai-chatbot', 'Mission 3 - AI chatbot', 'Wrap an LLM with chat UI + system prompt + memory.', 'intermediate', 20, 500, 3) on conflict (branch_code, slug) do nothing;
insert into public.projects (branch_code, slug, title, description, difficulty, estimated_hours, xp_reward, sort_order) values ('CSE', 'saas-platform', 'Mission 4 - SaaS platform', 'Multi-tenant app with billing, auth, dashboard.', 'advanced', 60, 1200, 4) on conflict (branch_code, slug) do nothing;
insert into public.projects (branch_code, slug, title, description, difficulty, estimated_hours, xp_reward, sort_order) values ('CSE', 'production-ai', 'Mission 5 - Production AI system', 'Deployed, monitored, observability, eval loop.', 'expert', 120, 2500, 5) on conflict (branch_code, slug) do nothing;
insert into public.projects (branch_code, slug, title, description, difficulty, estimated_hours, xp_reward, sort_order) values ('AIML', 'ml-classifier', 'Mission 1 - End-to-end classifier', 'Train, evaluate, save, serve.', 'beginner', 10, 300, 1) on conflict (branch_code, slug) do nothing;
insert into public.projects (branch_code, slug, title, description, difficulty, estimated_hours, xp_reward, sort_order) values ('AIML', 'nlp-pipeline', 'Mission 2 - NLP pipeline', 'Tokenize → embed → classify with eval.', 'intermediate', 20, 500, 2) on conflict (branch_code, slug) do nothing;
insert into public.projects (branch_code, slug, title, description, difficulty, estimated_hours, xp_reward, sort_order) values ('AIML', 'rag-app', 'Mission 3 - RAG app on your notes', 'Vector store + retrieval + LLM answer.', 'intermediate', 30, 700, 3) on conflict (branch_code, slug) do nothing;
insert into public.projects (branch_code, slug, title, description, difficulty, estimated_hours, xp_reward, sort_order) values ('AIML', 'computer-vision', 'Mission 4 - CV detector', 'YOLO or DETR, deployed.', 'advanced', 50, 1100, 4) on conflict (branch_code, slug) do nothing;
insert into public.projects (branch_code, slug, title, description, difficulty, estimated_hours, xp_reward, sort_order) values ('AIML', 'genai-agent', 'Mission 5 - GenAI agent', 'Multi-step tool use, evals, traces.', 'expert', 80, 2200, 5) on conflict (branch_code, slug) do nothing;
insert into public.projects (branch_code, slug, title, description, difficulty, estimated_hours, xp_reward, sort_order) values ('DS', 'eda-report', 'Mission 1 - EDA report', 'Public dataset, 3 insights, polished writeup.', 'beginner', 8, 250, 1) on conflict (branch_code, slug) do nothing;
insert into public.projects (branch_code, slug, title, description, difficulty, estimated_hours, xp_reward, sort_order) values ('DS', 'dashboard', 'Mission 2 - Live dashboard', 'Streamlit / Metabase, daily refresh.', 'intermediate', 16, 450, 2) on conflict (branch_code, slug) do nothing;
insert into public.projects (branch_code, slug, title, description, difficulty, estimated_hours, xp_reward, sort_order) values ('DS', 'ab-test', 'Mission 3 - A/B test analysis', 'Power, MDE, lift, decision memo.', 'intermediate', 20, 550, 3) on conflict (branch_code, slug) do nothing;
insert into public.projects (branch_code, slug, title, description, difficulty, estimated_hours, xp_reward, sort_order) values ('DS', 'forecast', 'Mission 4 - Forecasting model', 'Time-series with backtest + prod plan.', 'advanced', 40, 1000, 4) on conflict (branch_code, slug) do nothing;
insert into public.projects (branch_code, slug, title, description, difficulty, estimated_hours, xp_reward, sort_order) values ('DS', 'ds-platform', 'Mission 5 - Mini data platform', 'Ingest + warehouse + dbt + dashboard.', 'expert', 80, 2000, 5) on conflict (branch_code, slug) do nothing;
insert into public.projects (branch_code, slug, title, description, difficulty, estimated_hours, xp_reward, sort_order) values ('ECE', 'breadboard-blink', 'Mission 1 - Microcontroller blink', 'Schematic + code + photo.', 'beginner', 4, 200, 1) on conflict (branch_code, slug) do nothing;
insert into public.projects (branch_code, slug, title, description, difficulty, estimated_hours, xp_reward, sort_order) values ('ECE', 'sensor-logger', 'Mission 2 - Sensor logger to cloud', 'ESP32 + DHT + MQTT to a dashboard.', 'intermediate', 16, 500, 2) on conflict (branch_code, slug) do nothing;
insert into public.projects (branch_code, slug, title, description, difficulty, estimated_hours, xp_reward, sort_order) values ('ECE', 'smart-home', 'Mission 3 - Smart-home node', 'Wi-Fi switch + app control.', 'intermediate', 24, 700, 3) on conflict (branch_code, slug) do nothing;
insert into public.projects (branch_code, slug, title, description, difficulty, estimated_hours, xp_reward, sort_order) values ('ECE', 'iot-monitor', 'Mission 4 - IoT environmental monitor', 'Multi-sensor mesh + alerting.', 'advanced', 50, 1200, 4) on conflict (branch_code, slug) do nothing;
insert into public.projects (branch_code, slug, title, description, difficulty, estimated_hours, xp_reward, sort_order) values ('ECE', 'robotics', 'Mission 5 - Robotics controller', 'Closed-loop motor control on hardware.', 'expert', 80, 2200, 5) on conflict (branch_code, slug) do nothing;
insert into public.projects (branch_code, slug, title, description, difficulty, estimated_hours, xp_reward, sort_order) values ('EEE', 'relay-board', 'Mission 1 - Relay control board', 'Schematic, build, test, document.', 'beginner', 6, 250, 1) on conflict (branch_code, slug) do nothing;
insert into public.projects (branch_code, slug, title, description, difficulty, estimated_hours, xp_reward, sort_order) values ('EEE', 'solar-sim', 'Mission 2 - Solar PV system simulation', 'MATLAB / PVSyst.', 'intermediate', 16, 500, 2) on conflict (branch_code, slug) do nothing;
insert into public.projects (branch_code, slug, title, description, difficulty, estimated_hours, xp_reward, sort_order) values ('EEE', 'smart-meter', 'Mission 3 - Smart energy meter', 'Current sensing + display.', 'intermediate', 24, 700, 3) on conflict (branch_code, slug) do nothing;
insert into public.projects (branch_code, slug, title, description, difficulty, estimated_hours, xp_reward, sort_order) values ('EEE', 'microgrid', 'Mission 4 - Microgrid model', 'Inverter + battery + load profile.', 'advanced', 50, 1200, 4) on conflict (branch_code, slug) do nothing;
insert into public.projects (branch_code, slug, title, description, difficulty, estimated_hours, xp_reward, sort_order) values ('EEE', 'ev-charger', 'Mission 5 - EV charger controller', 'Hardware + firmware + safety.', 'expert', 80, 2200, 5) on conflict (branch_code, slug) do nothing;
insert into public.projects (branch_code, slug, title, description, difficulty, estimated_hours, xp_reward, sort_order) values ('MECH', 'cad-bracket', 'Mission 1 - CAD bracket', 'Modeled, dimensioned, exported.', 'beginner', 4, 200, 1) on conflict (branch_code, slug) do nothing;
insert into public.projects (branch_code, slug, title, description, difficulty, estimated_hours, xp_reward, sort_order) values ('MECH', '3d-print', 'Mission 2 - 3D-printed mechanism', 'Working linkage or gripper.', 'intermediate', 10, 400, 2) on conflict (branch_code, slug) do nothing;
insert into public.projects (branch_code, slug, title, description, difficulty, estimated_hours, xp_reward, sort_order) values ('MECH', 'fea-study', 'Mission 3 - FEA on a real part', 'Boundary, mesh, results, report.', 'intermediate', 20, 600, 3) on conflict (branch_code, slug) do nothing;
insert into public.projects (branch_code, slug, title, description, difficulty, estimated_hours, xp_reward, sort_order) values ('MECH', 'cfd-flow', 'Mission 4 - CFD flow study', 'Pipe / wing / duct analysis.', 'advanced', 40, 1100, 4) on conflict (branch_code, slug) do nothing;
insert into public.projects (branch_code, slug, title, description, difficulty, estimated_hours, xp_reward, sort_order) values ('MECH', 'mechatronics', 'Mission 5 - Mechatronics build', 'CAD + fabrication + control loop.', 'expert', 80, 2200, 5) on conflict (branch_code, slug) do nothing;
insert into public.projects (branch_code, slug, title, description, difficulty, estimated_hours, xp_reward, sort_order) values ('CIVIL', 'plan-house', 'Mission 1 - 2D house plan', 'To-scale, dimensioned, in CAD.', 'beginner', 6, 250, 1) on conflict (branch_code, slug) do nothing;
insert into public.projects (branch_code, slug, title, description, difficulty, estimated_hours, xp_reward, sort_order) values ('CIVIL', 'rcc-beam', 'Mission 2 - RCC beam design', 'Hand calc + drawing.', 'intermediate', 12, 500, 2) on conflict (branch_code, slug) do nothing;
insert into public.projects (branch_code, slug, title, description, difficulty, estimated_hours, xp_reward, sort_order) values ('CIVIL', 'frame-staad', 'Mission 3 - Frame analysis in STAAD', 'Loads, supports, results report.', 'intermediate', 20, 650, 3) on conflict (branch_code, slug) do nothing;
insert into public.projects (branch_code, slug, title, description, difficulty, estimated_hours, xp_reward, sort_order) values ('CIVIL', 'bim-tower', 'Mission 4 - BIM 5-storey tower', 'Revit model + sheet set.', 'advanced', 50, 1200, 4) on conflict (branch_code, slug) do nothing;
insert into public.projects (branch_code, slug, title, description, difficulty, estimated_hours, xp_reward, sort_order) values ('CIVIL', 'smart-infra', 'Mission 5 - Smart infrastructure planner', 'Integrated drainage + transport plan.', 'expert', 80, 2200, 5) on conflict (branch_code, slug) do nothing;

-- =============================================================
-- DONE.
-- Verify counts:
--   select branch_code, count(*) from public.skills        group by 1 order by 1;
--   select branch_code, count(*) from public.missions      group by 1 order by 1;
--   select branch_code, count(*) from public.certifications group by 1 order by 1;
--   select branch_code, count(*) from public.projects      group by 1 order by 1;
-- =============================================================
